Prénoms;Moyennes pondérées
Laura;8.853076923076923
Clémentine;10.713846153846152
Solène;8.38423076923077
Donovan;12.55653846153846
Élodie;8.900384615384617
Ugo;12.549999999999999